{"count":1,"self":11.4804728,"total":99.221949,"children":{"InitializeActuators":{"count":1,"self":0.002469,"total":0.002469,"children":null},"InitializeSensors":{"count":1,"self":0.0009639999999999999,"total":0.0009639999999999999,"children":null},"AgentSendState":{"count":13267,"self":2.6485309999999997,"total":7.603688,"children":{"CollectObservations":{"count":13267,"self":1.1856529999999998,"total":1.1856529999999998,"children":null},"CollectDiscreteActionMasks":{"count":13267,"self":0.553326,"total":0.553326,"children":null},"RequestDecision":{"count":13267,"self":1.314797,"total":3.2161779999999998,"children":{"AgentInfo.ToProto":{"count":13267,"self":1.188475,"total":1.901381,"children":{"GenerateSensorData":{"count":13267,"self":0.71290599999999993,"total":0.71290599999999993,"children":null}}}}}}},"DecideAction":{"count":13267,"self":63.938278399999994,"total":63.93828,"children":null},"AgentAct":{"count":13267,"self":16.1947264,"total":16.19503,"children":{"AgentInfo.ToProto":{"count":2,"self":0.00020099999999999998,"total":0.000303,"children":{"GenerateSensorData":{"count":2,"self":0.000102,"total":0.000102,"children":null}}}}}},"gauges":{"filter.CumulativeReward":{"count":2,"max":-374622.156,"min":-377707.875,"runningAverage":-376165,"value":-374622.156,"weightedAverage":-376936.438}},"metadata":{"timer_format_version":"0.1.0","start_time_seconds":"1607686950","unity_version":"2019.4.16f1","command_line_arguments":"\/home\/kuba\/unity_projects\/2019.4.16f1\/Editor\/Unity -projectpath \/home\/kuba\/Studia\/filtr_imu\/filtr_imu -useHub -hubIPC -cloudEnvironment production -hubSessionId 38655720-3b9a-11eb-9487-4bfa326552d7 -accessToken fkK6X42iEv5J-94YBLPyy0r7rzZjGYzUCrdVcwwqKHg007f","communication_protocol_version":"1.2.0","com.unity.ml-agents_version":"1.6.0-preview","scene_name":"SampleScene","end_time_seconds":"1607687049"}}