{"count":1,"self":885.32838399999991,"total":1593.5620179999999,"children":{"InitializeActuators":{"count":1,"self":0.0019509999999999998,"total":0.0019509999999999998,"children":null},"InitializeSensors":{"count":1,"self":0.0010509999999999999,"total":0.0010509999999999999,"children":null},"AgentSendState":{"count":33001,"self":5.2542127999999995,"total":134.816882,"children":{"CollectObservations":{"count":33001,"self":121.8082688,"total":121.80827,"children":null},"WriteActionMask":{"count":33001,"self":1.164432,"total":1.164432,"children":null},"RequestDecision":{"count":33001,"self":2.618327,"total":6.589967,"children":{"AgentInfo.ToProto":{"count":33001,"self":2.425052,"total":3.97164,"children":{"GenerateSensorData":{"count":33001,"self":1.5465879999999999,"total":1.5465879999999999,"children":null}}}}}}},"DecideAction":{"count":33001,"self":479.4393088,"total":479.439306,"children":null},"AgentAct":{"count":33001,"self":93.97359999999999,"total":93.974273,"children":{"AgentInfo.ToProto":{"count":6,"self":0.00043,"total":0.00067499999999999993,"children":{"GenerateSensorData":{"count":6,"self":0.000245,"total":0.000245,"children":null}}}}}},"gauges":{"filter.CumulativeReward":{"count":6,"max":-1369.15271,"min":-1390.3269,"runningAverage":-1380.40063,"value":-1374.5752,"weightedAverage":-1381.78931}},"metadata":{"timer_format_version":"0.1.0","start_time_seconds":"1612179859","unity_version":"2019.4.16f1","command_line_arguments":"\/home\/kuba\/unity_projects\/2019.4.16f1\/Editor\/Unity -projectpath \/home\/kuba\/Studia\/filtr_imu\/filtr_imu -useHub -hubIPC -cloudEnvironment production -hubSessionId 68aab980-645c-11eb-a1a6-97ee1bc8dc1b -accessToken lvzrCXbrLesVnJAn447qCTXESwHnoyWQ8TokLragHwQ007f","communication_protocol_version":"1.4.0","com.unity.ml-agents_version":"1.7.2-preview","scene_name":"SampleScene","end_time_seconds":"1612181453"}}